x,y,class
1.2251597421081921,-0.951731163,1
1.0163036469679392,-1.72517506,1
0.33534004264142936,-1.724895501,1
1.7863482205649759,-1.782653136,1
1.0167509434950424,1.0625694648143287,1
-1.514052012,-1.8110384,0
0.8436497458624485,-1.579146941,1
0.657993748,0.076212824,1
1.2439516549060756,0.17407615879044314,1
1.3409668519899474,0.13010495466998218,1
-1.451643718,-1.948450218,0
-0.915810425,-0.837038344,0
-0.938879042,-0.939708527,0
-1.52513606,-1.735143605,0
-0.179530107,0.016550673381809045,0
-1.472920289,-1.524696907,0
-1.670126647,-1.765541541,0
-0.645967634,-0.822265269,0
-0.858613959,-0.799871093,0
-1.004238569,-1.053167851,0
-1.064094292,-1.304111935,0
1.0822322907331814,0.14090675370767403,1
0.8957458716102078,-3.073093321,1
-0.80613222,-0.987795695,0
1.4295536438973213,0.583480981,1
-0.21855213,-0.155354874,0
0.9467493234700001,-1.064011543,1
-1.168651904,-1.385725172,0
0.8600585816970234,-1.578898998,1
0.7037526839595938,-1.219660143,1
0.3353725394904228,-2.140556719,1
0.37915213150256144,-1.451050827,1
0.83827876,-0.740119776,1
0.360672003,-3.550345191,1
-1.515029149,-1.677131317,0
-1.725688749,-1.923005315,0
-2.487600577,-2.6848054,0
-1.062943269,-1.143638444,0
-1.661329891,-1.894645829,0
-0.063564886,0.41682748827700267,0
-1.860283792,-2.195624202,0
-0.743492653,-1.001012294,0
-0.825655381,-0.571858366,0
-0.220640545,-0.160959837,0
0.6338928492949886,-1.648120976,1
1.0510863967400912,-0.451383504,1
-1.542614214,-1.63586457,0
1.1022762371631158,-0.673198603,1
-1.888628217,-2.093899156,0
-0.994313003,-1.081517602,0
1.6280437703736819,0.045263858406031865,1
-0.511039286,-0.396560143,0
1.0450302948109491,0.4337846941832495,1
-0.9467762,-0.673245343,0
0.8515511967861451,-0.194175345,1
1.1583067514276764,-0.358965747,1
1.5414901755729147,0.5571161064900652,1
1.2369413017512458,-1.406289222,1
0.2045501163483281,-2.211542644,1
0.809871067,-1.433285096,1
-2.002767497,-2.50870772,0
-1.297002038,-1.352677437,0
0.8026331415728443,-1.223769943,1
0.43177786277192387,-0.378891091,1
-0.641886683,-0.530475948,0
0.8125103036919402,-1.19533276,1
0.4895943442755851,-2.640212302,1
-0.757069436,-0.642540282,0
-0.123438148,0.079406211,0
1.3431731824022082,-1.437643778,1
0.9682397270086007,-0.811007667,1
-1.256787437,-1.394590064,0
-1.115092374,-1.135829825,0
-1.297412501,-1.46077019,0
1.720039334867802,0.3446517283259156,1
1.4383643130002655,-2.112604107,1
-0.294121776,-0.196882785,0
1.0234550918547811,-2.424025916,1
0.38805925509465755,0.9085673034512982,0
1.3721458125116248,-1.341476539,1
-2.460705524,-3.255384333,0
-1.619174735,-2.156039946,0
-1.50513794,-1.720860021,0
1.2406916799657408,-1.454767723,1
1.2488116828052847,0.15357921454462087,1
0.6697134013408821,-2.421950194,1
2.1189204425602934,0.5871473447083493,1
-0.496297224,-0.384924474,0
-1.377422555,-1.602730628,0
0.8245896878978297,-1.460922869,1
-0.572585894,-0.50451615,0
0.17125649969802326,0.7294311476080331,0
0.7091780595073598,-2.379926193,1
-1.535197252,-1.618980975,0
1.506317712770021,-0.330620757,1
1.5354302522713033,0.1609769200793738,1
-0.722030614,-0.778890238,0
-0.897257186,-0.706891221,0
-0.977052206,-1.129377977,0
0.8806841722794845,-1.338360377,1
0.13567214742461164,0.5731753675383155,0
1.035236098881063,-1.397988072,1
1.4753916077914933,-0.542685018,1
-0.302535659,0.1545220610530229,0
-1.614137816,-1.566690529,0
1.6346816493197869,1.6605114662269962,1
-0.617665871,-0.240024955,0
-1.076096626,-1.143561093,0
0.904712066,-0.828616514,1
0.5303450958390454,-3.259501515,1
0.065564265,-3.493102072,1
-1.603067951,-1.419785306,0
-0.737876159,-0.432333065,0
-1.302491379,-1.182138368,0
1.6053867044294308,-0.78042646,1
-1.385386556,-1.504292563,0
-1.409679122,-1.807302486,0
-1.29467912,-1.442074418,0
-1.275044863,-1.38797102,0
1.049018642025155,-1.125458369,1
-0.236997885,0.074201237,0
1.1791035081960581,0.5214287514973486,1
1.1930881440843117,0.5156598963365258,1
-0.401040649,-0.342577457,0
1.1618354712548966,1.3096283563309465,1
0.6416614153921358,-2.300973764,1
-1.985856897,-2.189683592,0
2.2403335132855275,1.8639998582881923,1
-0.992960416,-0.881230995,0
0.39639828532462396,-4.001476405,1
0.6575998215645591,-2.090278334,1
0.14900778645876767,-2.086117245,1
0.32251565990585385,-0.860045457,1
0.4416379186831544,-1.965486146,1
-0.002824917,0.3135203147950669,0
-1.124446728,-1.004150646,0
-1.423345763,-1.707073086,0
0.5828465085016099,-2.13570885,1
-2.436786801,-2.607503046,0
-1.4418952,-1.503133736,0
0.46865605072553373,-2.685042756,1
1.6761337585457565,-0.765230357,1
0.5896841681151049,-0.636828726,1
-0.620157457,-0.060009456,0
-0.894434384,-0.735476695,0
-1.221543442,-1.178867532,0
-0.659609575,-0.571575447,0
0.22791190617413182,-3.769927046,1
2.2451054134771624,3.9812266467364363,1
1.0207920301149638,-0.514434747,1
0.9852031014513897,-0.475207827,1
1.320525910007545,-0.030991554,1
1.2133803295480186,-1.940156341,1
-0.424356514,0.020252588861333853,0
1.3072151318504879,-0.698289167,1
0.5120034819442962,-0.73636599,1
-1.79076434,-1.828309838,0
0.9433562426283534,-0.040968597,1
0.25262419489731835,-4.040263307,1
1.1418904721098169,0.2832628716464396,1
0.5548540537248692,-3.134929822,1
1.0052745544831156,0.49716509641692075,1
-0.341052447,-0.158137355,0
1.5422477176722853,-0.858757694,1
1.0932339922584182,-1.202708641,1
0.8396789919596137,0.9742196935521374,1
1.5988102144950358,-0.543127196,1
-0.923718788,-0.741412249,0
1.681443062,1.3461970989939576,1
1.0883253908738533,-1.106079293,1
1.1998684084127273,-0.130328113,1
-2.010135505,-2.632947506,0
1.2709320036472622,-2.096153279,1
-1.60301839,-1.805160218,0
1.910204234,2.1266288365833548,1
1.2638923397321598,-0.273395702,1
-1.786934013,-2.257281705,0
-0.386499419,-0.152190059,0
-1.183929605,-1.394676671,0
-1.01972448,-0.938566168,0
1.3235973152378882,-0.966924924,1
1.752937653012026,0.035490043235269164,1
0.36570994987668215,-0.86648494,1
1.1438459133868943,-0.316362808,1
0.608873938,-1.181425327,1
0.8232690267051763,-2.636340354,1
1.4063460987027194,0.6796289631237984,1
1.264340766321571,-0.718175536,1
-1.736607803,-2.313966145,0
1.4100992642195485,-0.542885861,1
1.1432375971532345,-1.462042515,1
-0.529837442,-0.274371819,0
-1.066321236,-1.382422012,0
-1.288127519,-1.415678543,0
-0.924843257,-0.916978151,0
0.089401116,0.29538207234176084,0
-1.053867618,-0.984581134,0
0.9269581296411481,-1.187438952,1
0.6636215788432724,-0.964394367,1
0.9453302678539046,-2.150445149,1
1.9128072532943352,-1.002681512,1
1.0001146766695597,-2.954139585,1
-2.438672767,-2.779927536,0
-1.030072623,-0.750683813,0
1.3531676155795604,-0.966836746,1
-0.236965098,0.15893945544604948,0
-1.553095186,-1.551612728,0
-1.598815314,-2.066334355,0
1.1875326312302623,-0.308739411,1
-0.948749763,-0.83256425,0
-0.786005407,-0.991666766,0
0.6685222169030525,-2.546698917,1
-1.159425864,-1.232317921,0
1.0443149295233638,-1.370205535,1
1.0070718062315678,-0.49519415,1
1.262726957,-3.556223804,1
0.8796734423082806,0.25480362758428643,1
0.7063416013237045,-0.337915143,1
0.5054059024193733,-3.263839988,1
-0.09489819,0.3550276729236268,0
1.0828530571922725,-1.309054945,1
-0.2322709,0.070377631,0
0.5648011794607326,-2.248894222,1
1.3264445436954309,0.6250450546001594,1
-0.886138713,-1.012231743,0
0.021884129398823005,0.36516807909956284,0
0.31334671705621653,1.1684230490985907,0
0.4049033519707764,-1.559340321,1
1.255490639659643,-1.433120449,1
-0.841441037,-0.691914838,0
0.8826702991014955,-2.884867487,1
0.3430844080351393,-0.18249919,1
-0.968399023,-1.015489249,0
1.197990775784274,0.2673871745603065,1
-0.637488911,-0.368996072,0
0.9735936297758503,-0.188670339,1
1.0173766974101137,-0.934993178,1
-0.819331023,-0.789979658,0
0.9776786252293576,-1.303919102,1
-0.222317314,-0.027464294,0
-0.866340209,-0.613618587,0
-0.820152041,-0.750724468,0
0.6277047815077039,-3.213560848,1
0.6916490271086186,0.078904735,1
1.5249028238004763,1.1325240660169449,1
-1.419884372,-1.799987436,0
0.1524140136230001,0.6755176588423697,0
1.437939492602307,0.4087643125144593,1
1.2689075487408705,-0.808545746,1
-2.007542105,-2.579609045,0
-1.233125433,-1.546731694,0
1.168850441460585,0.10855074994658187,1
-1.111404157,-0.98944339,0
1.7177962055418468,1.7179391137481215,1
-0.286030056,-0.129696329,0
-1.844201397,-2.148860092,0
-0.870902411,-0.984883155,0
-0.414304364,-0.296181289,0
-0.432341147,-0.215908727,0
-1.619015511,-2.003262024,0
-2.05854714,-2.545180334,0
-1.796708228,-2.213308726,0
-0.988753695,-0.959109957,0
0.9285549051566565,-0.631964998,1
-0.50344884,-0.315274017,0
-1.052844865,-1.410614606,0
0.1803049901874647,-2.154509201,1
0.7716788742175132,-3.154476639,1
-1.379414632,-1.381071867,0
-0.805992863,-0.943648429,0
1.1420534896862815,0.1386418055866956,1
-0.9048182,-0.907000197,0
1.1807778913865006,-0.966527684,1
-1.168787111,-1.386440742,0
-0.281623257,0.053163691,0
1.0347171449258104,-1.124729602,1
-1.231122691,-1.398581466,0
-0.771711721,-0.645008726,0
0.6910337704059832,-1.204288286,1
1.413972759117447,-0.355727592,1
-0.8624638,-0.678474827,0
-0.697324118,-0.697702263,0
-1.032074671,-0.891184805,0
-0.728014635,-0.64592008,0
0.9802647000827723,-0.179324492,1
0.7598480140900414,-0.877572539,1
1.5456678618132424,0.8472639046039652,1
0.082979635,-1.3301839,1
1.0453597638466363,-0.257515236,1
-2.284437624,-2.868707305,0
-0.930546434,-0.961043405,0
-0.719375873,-0.655932747,0
0.2707665214133176,-1.254549994,1
0.587626431,-2.042463034,1
-0.932552021,-0.835963964,0
-0.415819124,-0.468630458,0
0.8363166162811332,0.077877108,1
0.7566590762111924,-1.24399626,1
-0.266397222,0.10388137751956639,0
1.8662807805967065,2.461883001629925,1
-0.24281247,-0.330517725,0
-1.15724999,-1.169203543,0
2.096752436051734,1.2450979953308763,1
0.657690287,-1.79620962,1
-1.802578016,-2.042239771,0
0.802985575,-1.503603337,1
0.888967097,-2.041515874,1
0.996412224,-1.659872916,1
0.032044573305620716,-0.034173691,0
-0.054238583,-2.508848077,1
-1.53005511,-1.80935017,0
-1.35256657,-1.719819669,0
1.0872530525541648,-2.341257782,1
-0.569452325,-0.374597223,0
1.2739345713579195,-3.010346903,1
-0.741818485,-0.376918086,0
-1.823928879,-1.986996446,0
-1.313609369,-1.248631717,0
-1.68718059,-1.939370826,0
-1.712929325,-2.231476861,0
-1.345646409,-1.253198595,0
-1.314880826,-1.347331051,0
-0.444851724,-0.295054336,0
-1.91453183,-2.063856239,0
0.5808104885332768,-0.517394589,1
1.3737150047888176,-0.134592029,1
-1.867165225,-1.796801488,0
0.42966144191267197,-3.293891187,1
-1.596480305,-1.411693697,0
0.5320093516906583,-0.870835869,1
0.5540054415273925,-2.618842544,1
1.2723571049490836,-0.102931256,1
-1.30065911,-1.333907575,0
-0.994468001,-1.09465412,0
-1.463296055,-1.439805475,0
-0.913859025,-0.719443376,0
-1.04166407,-1.225121214,0
1.2842727085876444,-0.348489907,1
-1.125339875,-1.131336136,0
1.0531964117813957,-2.202393408,1
-0.14548469,0.27218156680222694,0
-1.055412434,-1.049598759,0
-1.761884774,-1.873625103,0
0.897612513,-0.816275181,1
-0.214182708,0.076549581,0
0.3996819391681321,-1.505435318,1
1.8492750412190473,-0.116403454,1
-0.810753611,-0.871799194,0
-1.496821355,-1.554406569,0
-0.553409947,-0.16586307,0
0.6450006702926502,0.8897197297955379,1
-0.422628508,-0.211152472,0
0.9254680662893893,-0.628972852,1
1.7231849018503431,-1.238914426,1
-1.670374945,-2.063001125,0
-0.767807994,-0.706024938,0
-0.010711163,0.18665021418425343,0
-0.058585553,0.28027710845453857,0
-1.578920097,-1.763805391,0
0.6947796432837131,-0.24508655,1
0.6750534805933347,-0.145228573,1
-0.799308916,-0.515064906,0
0.681428053,-2.910794468,1
-1.190317857,-0.978025635,0
-0.605546886,-0.517078685,0
-2.166438444,-2.383600659,0
1.270112224324001,0.39526974792854297,1
1.7118041199168874,1.3168341543405915,1
1.0923910773453218,-1.02872471,1
-1.181935512,-1.184940614,0
-1.315785641,-1.377503585,0
0.927079255,-0.070067798,1
-0.969500703,-0.851814658,0
-1.425557538,-1.598685998,0
-0.354367114,-0.09645103,0
-1.247567126,-1.24388953,0
-0.101354396,0.053035446,0
-0.706310564,-0.55506475,0
-1.595504318,-1.384448469,0
-1.933024189,-2.149145009,0
0.5151406156915501,-1.062496031,1
-0.827281651,-0.586275984,0
-1.893456585,-2.390138123,0
-0.683158272,-0.553649338,0
0.9322580059253581,-0.480383028,1
-0.980425323,-1.173351027,0
-0.529880863,-0.226658146,0
-0.314745298,-0.144834112,0
0.6753447461909613,-2.250677553,1
-1.596779398,-1.845069568,0
-0.916471056,-1.166663698,0
-1.274911868,-1.402600142,0
0.6358361602610837,-2.939793668,1
0.43414447447507376,-1.842839905,1
0.067856069,0.4588804046477495,0
-1.379622386,-1.785387524,0
-1.0860121,-1.120720021,0
0.8625603076052344,-1.965906117,1
-0.557717546,-0.444246693,0
0.5003521244490294,-2.209702631,1
-0.799668026,-0.826849307,0
-1.150120129,-1.05592951,0
1.0293792111688407,-1.206500725,1
1.2175447059285858,-0.724860978,1
-0.861802276,-0.738645298,0
-1.283142375,-1.548126287,0
-1.373529566,-1.219984129,0
0.9198666014907824,-0.684284574,1
-1.17002434,-1.14520741,0
-0.325918405,-0.145282171,0
1.3896438125960588,-0.882372674,1
0.9365937020648581,-0.087519616,1
0.3771713596613906,0.960096826,0
-1.457372829,-1.667827374,0
-0.486510795,-0.553396992,0
-1.155562955,-1.320488992,0
2.1033378326220773,0.8199889448188384,1
1.7707352524370208,1.950648736804109,1
1.8391502274295841,0.6819884474362465,1
-1.21900265,-1.242330133,0
-0.560140129,-0.614635423,0
0.43263274352433334,-2.705317488,1
-0.77302281,-0.523928578,0
0.616609693,-2.151963303,1
-1.867226585,-2.400324846,0
1.2423880416739683,-2.193246995,1
0.603554908,-2.707097125,1
-1.964473251,-2.283979597,0
0.11035040988757827,-3.026002074,1
0.720763599,-3.274087858,1
1.5448676507976868,-0.392139852,1
-1.535157534,-1.728043872,0
1.3880991006173753,-0.449452387,1
1.025050693416506,-3.2081984,1
1.0793925226976517,1.9085264156072714,0
-1.284208073,-1.286660701,0
1.1646411510854708,-1.908306183,1
1.094497846118125,0.11737767024399348,1
1.4001433351972734,-0.919225187,1
-0.148870733,-0.103488126,0
1.4081909952028902,-0.623564672,1
1.1391904164696756,-0.784500139,1
-1.079552527,-1.091418841,0
1.2481492868012154,-0.30426406,1
-1.740065545,-1.97757974,0
-1.983965453,-2.152255659,0
1.5536963451748633,-0.05144579,1
1.6870148512535503,0.4530262435132235,1
0.6212818072197975,0.1711228813176271,1
1.0846689887243237,-1.586205629,1
0.26924734610794365,-1.376910328,1
-0.974623247,-1.046669758,0
-1.411680227,-1.443174554,0
-0.847416486,-0.627368416,0
1.062421560205563,-0.368635928,1
0.8712262668975659,-1.661311038,1
1.4318110513027629,0.8449340329557649,1
0.8740411761331757,-1.537545975,1
0.6413312836621923,-0.688535165,1
-0.656146028,-0.811890107,0
-1.055270594,-1.127230045,0
-0.988954048,-0.942857112,0
1.5946454590261516,0.23302929024641328,1
1.0161753628868728,-0.67076823,1
1.0039972549385137,-0.914266363,1
0.8273059648431446,-1.717467341,1
-1.041188542,-0.988102634,0
0.370700842,-2.35695259,1
0.8647230650608276,-2.503554545,1
0.091859132,0.665531841,0
-2.109499797,-2.461686359,0
1.3972612395009272,0.7216235044439483,1
1.5348446276152847,0.16351266049456603,1
-0.63043748,-0.606748956,0
-0.666368509,-0.439633277,0
-0.243611537,0.1627200500639956,0
0.9074591440863643,-2.096411106,1
0.7806623354243645,-0.271372065,1
0.5129113205337723,-2.031722055,1
-1.167441505,-1.309972832,0
0.955918657,-0.684427627,1
1.0263685764294206,-0.041922866,1
-1.521772235,-1.732150341,0
0.504365127,-2.030791097,1
0.5480402672732545,-1.891263611,1
-1.35999835,-1.787217565,0
0.6097345707883817,-0.49733354,1
-1.247094915,-1.525772175,0
1.0279346758162202,-1.849198143,1
0.6831045926954147,-1.113744936,1
1.4091063223803633,1.888453272220898,1
0.9412612379628321,0.031775561,1
-1.368097713,-1.559648948,0
1.4409273977854151,-0.847469599,1
1.0776533820756846,-2.015676641,1
0.11066539779704798,-3.390767721,1
-0.50003509,-0.302180902,0
-1.243533566,-1.450511578,0
-0.864044583,-0.872960957,0
1.3314284042917697,0.33905554401078164,1
0.9977504647836799,-1.12922837,1
-1.504724004,-1.62477594,0
-2.391369974,-2.769838528,0
1.4880001035987318,0.613401715,1
0.9381902266521842,0.7919352250903628,0
-0.668720304,-1.030880611,0
-1.709350398,-1.938635279,0
1.1150219665013101,-1.522941371,1
0.9797616668477972,-1.60651154,1
0.7128564735104138,-2.301743752,1
0.9494738133290755,-1.348255981,1
0.5073579490112746,-1.623439523,1
-0.438419555,-0.29516166,0
-0.886204598,-0.797061793,0
1.1480339028539983,-0.889867049,1
-1.527998131,-1.832592707,0
-0.285885709,-0.10604118,0
1.9094728677630997,0.4351695819654253,1
-0.46741212,-0.617592753,0
-0.775890027,-0.6766148,0
-1.561953208,-1.617165836,0
-1.107226309,-1.371344201,0
-1.670275702,-1.924896169,0
-1.211419001,-1.268561075,0
-1.205632653,-1.378449321,0
-1.283449233,-1.322539176,0
-1.320968124,-1.676799916,0
1.2452715732955089,-0.364518043,1
0.3935619643854982,1.0358507912401813,0
-1.212239331,-1.49086642,0
1.3869430266966627,-1.110016195,1
0.8512048369268966,-1.693578261,1
-0.490838421,-0.507936064,0
0.36493534154030594,-2.089835456,1
1.151132150707233,-0.055818155,1
1.5749045594091258,1.1918272496322664,1
-0.478693259,-0.445541432,0
1.294863378425331,1.3902531922025085,1
0.9359182268743248,-1.56470132,1
-2.506629478,-3.054729582,0
0.8343666986019519,-1.806026042,1
1.9119755462410242,0.16615807345177047,1
-2.699396458,-3.355254197,0
1.1267253643300954,-0.677286999,1
1.3035970943395638,-1.028921696,1
1.341953813246435,-1.542891089,1
-0.761038568,-0.738676783,0
-0.538603992,-0.456467984,0
0.7482237824004563,0.5772738628423102,1
0.8049384352046851,-0.018699608,1
-0.741600223,-0.695801689,0
1.4736356510697528,1.1798254487347672,1
1.090501949847086,-0.671380892,1
0.973504194,-1.090143096,1
0.8193668233956298,-1.688139041,1
-1.30877403,-1.526524486,0
-0.255194067,0.070254348,0
1.185413244833412,-0.913778264,1
0.9588870485645121,-1.750318008,1
1.713587338947391,0.18967868259998877,1
1.5318502588587042,-0.488318079,1
0.264147175,-3.633381118,1
-1.746212076,-1.886813925,0
2.209549511923451,1.3365039712079367,1
-1.213811148,-1.608142705,0
1.4537434207297437,-1.465199147,1
-0.188273908,-0.016164726,0
1.2324040655818418,-0.795566378,1
1.3552220607293979,-0.527845481,1
1.4749205675297974,-1.881305567,1
0.36768230427208193,-1.717835063,1
-1.799560478,-1.761206026,0
0.9017964075496273,-0.322768369,1
1.2458269210358797,-2.113006552,1
0.5543719244521363,-1.02509207,1
-2.362810805,-2.851198575,0
-0.330768806,-0.258809673,0
1.5208843757349304,-0.01216901,1
0.33486922802367436,-1.990392104,1
-0.822341081,-0.638646841,0
-0.647666949,-0.435076023,0
-1.423304568,-1.52149193,0
-1.696335265,-2.084325683,0
-0.313289972,0.2671665529201226,0
-0.009101206,0.312591149,0
-0.176832082,0.033442091,0
0.547476195,-2.180639593,1
-0.671745177,-0.543981831,0
-1.494256217,-1.400268531,0
-0.949033602,-0.937390459,0
-2.203629268,-2.428794957,0
-2.040794463,-2.175992528,0
0.8616396368607346,-1.350495054,1
1.019012563539309,-0.902930453,1
1.138725308,-0.422018374,1
0.3714558131336372,-2.426423485,1
-0.913401247,-0.852116971,0
-1.416905313,-1.702419794,0
0.070873954,-1.89015853,1
-0.831941679,-0.574930454,0
-0.2296074,0.097605686,0
-1.926377304,-2.069626567,0
0.9877605100580773,-2.257571104,1
-1.33938258,-1.392221574,0
0.42759947711171353,1.0611116760176946,0
0.2689098699298329,0.6427465411782975,1
1.7787450455649185,0.7592130377901303,1
1.147057130763425,-1.53647719,1
1.069361721648875,-1.440743497,1
1.6909500345754274,0.025395083,1
0.36305414464528585,-2.027346804,1
-0.619575771,-0.640453754,0
0.6946499328338758,-1.441528884,1
-0.39305687,-0.320858094,0
-0.937324279,-0.882641255,0
0.7941819678512438,-2.093807368,1
1.1564512692791462,-0.950930994,1
1.005069112884263,-1.297054805,1
-1.266333449,-1.363392419,0
-0.163994875,0.10920547535855052,0
0.9262086494997976,-1.362754687,1
-0.599010006,-0.62047329,0
-1.735465054,-1.811435504,0
1.321547467490039,-0.410420839,1
0.5752133851362313,-2.579944125,1
-1.692627031,-1.982306648,0
1.0037390911676956,-2.07408149,1
-1.320737529,-1.449740262,0
1.738022005440885,-0.081031717,1
-0.354530118,-0.361426343,0
-0.067014509,0.054398583,0
0.9982253868268243,-1.222625778,1
-1.267610697,-1.377757821,0
0.008887264,0.3606102057082565,0
-1.522111885,-1.655268369,0
-1.200201495,-0.986036283,0
-1.721048217,-1.970428549,0
0.902373719,1.0812131568641683,1
0.2499824563042803,0.64419559,0
-0.816386393,-0.948543086,0
1.3630410284124614,0.28450454723675733,1
-1.120032161,-0.72838423,0
-0.20108405,-2.766420236,1
-0.954451906,-1.084529389,0
-0.795225231,-0.472365609,0
-1.050869098,-1.22437091,0
-0.394180148,-0.084126901,0
-0.862477364,-1.046892339,0
0.19755365119566415,-3.734413078,1
-2.460852734,-2.972184327,0
-0.107187109,-0.095491313,0
0.5905687717017165,-2.514852189,1
-0.749294699,-0.494027774,0
0.512588815,-2.265661085,1
0.9217168028421254,0.048268239,1
0.34128164809919137,0.7851438244768942,0
-1.429370294,-1.44973833,0
-0.941408081,-0.96073674,0
0.6513841001864582,-0.359635395,1
1.6731582774260974,0.034119677,1
0.8181942867218943,-0.110029692,1
1.7278601343781104,-0.015782167,1
1.3853309249833794,-0.346725626,1
0.831825536,-0.286404254,1
-0.765567983,-0.890776812,0
0.45362452539962617,-1.550105446,1
1.3694672593810528,-1.416530766,1
1.0955037239034175,-1.064552227,1
-1.543088014,-1.888326733,0
0.48109306851931843,-1.683367836,1
1.6890521215146344,-0.209590876,1
-0.939889887,-0.892870353,0
-1.249267501,-1.242234879,0
0.5307287144440449,0.12391536297366512,1
0.6099363357798001,-2.192920313,1
0.7942724261159134,-1.225848728,1
-2.933791601,-3.411263408,0
0.9766175997601134,-0.502718387,1
-0.941336013,-1.073888325,0
-2.349323884,-2.978004258,0
-0.666987637,-0.773096287,0
-1.480543474,-1.699817556,0
1.2116617873748508,-0.340012891,1
-0.452387885,-2.89160966,1
1.163980295981467,-0.333406605,1
-1.450025479,-1.751283951,0
-2.105067778,-2.626079288,0
0.45759350025743994,-0.854245278,1
0.641759366,-0.308069984,1
-1.35175587,-1.418385645,0
0.6781389878925679,-0.230400658,1
0.8071060569250419,-2.845192298,1
-2.239809298,-2.587769938,0
-0.33532875,0.037012472,0
0.8613800606507285,0.076917926,1
-0.576070959,-4.75267384,1
-0.241590745,-0.12250357,0
0.8179261040456752,-1.892046951,1
-2.034272058,-2.523566276,0
1.8592505411494473,0.7770498114443662,1
0.2129469012451276,-1.889897564,1
1.389512507,-0.072892148,1
1.3736956531067852,-0.773389784,1
0.9094612876011442,0.571762421,1
0.425975884,0.9021546477008093,0
-1.393221483,-1.481089717,0
-0.661885363,-0.871790059,0
1.4288661995697052,-0.17219785,1
0.9651103156355962,-2.076420954,1
1.3369292901153875,-1.268415533,1
-1.337327788,-1.298506277,0
-1.957330761,-2.110849305,0
0.3813786966515409,0.8578459793508717,0
1.131027166466381,-2.306552154,1
-0.453904912,-0.503780491,0
-0.028457905,0.13917686312131017,0
-0.550184835,-0.519947589,0
-1.500306958,-1.853426372,0
0.026206208310101342,-4.713236824,1
-0.793527282,-0.74059216,0
-0.649742839,-0.536813277,0
-1.204686863,-1.113930901,0
-0.62184033,-0.599294787,0
1.2730649417091486,1.2019575316323303,1
1.020243318102009,-0.087419659,1
-0.200914245,0.001155643,0
1.1658403266273016,0.5003464164733935,1
-0.385334923,0.140105623,0
-1.290158845,-0.975080077,0
0.38164674142272825,-2.747448448,1
-1.918186814,-2.127689125,0
0.13434139513962462,-3.003682243,1
-1.069053365,-1.07711774,0
-1.207812926,-1.250472555,0
1.5025260022639797,0.8018572128920003,1
0.8040920701405753,-1.449227773,1
0.15671304406805453,-1.360223235,1
-0.427027598,-0.051648078,0
2.0505913840757355,1.1103158643035602,1
0.8418821520226045,0.913104045,1
1.3069369853523376,-1.56273259,1
-1.137358752,-0.934490784,0
0.362516381,-2.377727924,1
-1.093042716,-1.04740848,0
-0.80116658,-0.795674322,0
-1.749876633,-2.061335885,0
2.0027080035001372,0.7261328765282817,1
-0.636836012,-0.397645757,0
1.354901145,0.1355326708419755,1
-1.146764693,-1.348432474,0
0.5456122393960416,-1.745905648,1
1.3805221486562007,-1.735963345,1
1.2809286789541976,-0.006062934,1
0.27093069732423136,0.6126020315812306,0
1.770198617470479,0.3818552859845954,1
-1.462942971,-1.57034021,0
1.705807665842563,2.5670177144761595,1
0.2980822701999408,-0.935144084,1
-1.236045848,-1.277010538,0
1.0155094785164884,-1.054229792,1
0.4269027076710725,-0.953367422,1
-1.389589437,-1.488549114,0
-0.151240193,0.42331649922544345,0
-0.513084159,-0.62300413,0
-1.170816934,-1.279377202,0
2.205750341772884,1.8002966190372822,1
-1.071232097,-1.324038431,0
-1.611352768,-2.002155197,0
-0.138870701,0.22785778340917195,0
-0.614635538,-0.478769942,0
1.5857990691046862,-0.043243972,1
1.8944807838338533,0.3691453928732875,1
-1.760964757,-2.143389511,0
-1.526095662,-1.970826773,0
0.47515816140959355,-2.862852297,1
-0.949629016,-0.926115222,0
-0.014831174,0.37525728003555314,0
0.8348985327370592,-0.474930281,1
1.2619317564986026,-1.853443253,1
0.7272478576567433,-2.386622607,1
-0.941548311,-0.842921695,0
-1.341518514,-1.229485451,0
1.7872009917243732,1.4944866711711087,1
1.3705618001352509,-0.379326348,1
1.0145842366018232,-0.526337058,1
1.1368163490875596,2.169786622934362,1
0.005691997,-3.506981042,1
0.688216217,-1.87468949,1
-0.987162015,-1.253151507,0
1.6000684063985209,-1.275514416,1
1.515738605362637,1.1683643384257194,1
-1.392946105,-1.561237479,0
-1.741955172,-1.959885344,0
0.6094452506853612,-1.385511518,1
1.0003225396133528,-0.558496023,1
0.5774464909120958,-0.146127209,1
-1.089908934,-1.140530384,0
1.0547592507814723,-1.686105685,1
0.8290829429884745,-1.713647837,1
-0.718740277,-0.730399464,0
-1.155957466,-1.061525828,0
-1.898042871,-2.085624874,0
1.2290070516000897,-0.411158552,1
-1.234193053,-1.424676797,0
0.9044835957421032,-0.216061918,1
1.1588147959965558,-0.780929771,1
1.531616303501982,-0.18170264,1
-1.341884812,-1.68642756,0
1.1870255440723836,0.7015310365449456,1
1.2464972524067115,0.6034873411720949,1
0.10559012450856131,-3.34412636,1
1.0938404170661253,0.11918908685910234,1
1.7863427737156494,1.139153563308538,1
-1.618090986,-1.894954565,0
1.3453646617073518,-0.466420354,1
-0.531500263,-0.383882778,0
1.373213212320414,-0.421368774,1
-0.620790419,-0.308451533,0
1.1081449739527316,-1.314858503,1
-1.0598099,-1.228721428,0
-1.082234585,-0.93012933,0
-1.024515842,-0.891728132,0
-1.342613289,-1.465291825,0
-1.119260147,-1.154641492,0
1.3378888764192491,-0.905406442,1
-0.571550778,-0.818366447,0
1.2216161931930838,-0.143030576,1
0.74944652,-1.531020545,1
1.2719490919065946,-1.258213902,1
-1.06685835,-1.145086121,0
1.3188805764244755,-0.554347168,1
-0.665311786,-0.552742575,0
-0.970010292,-1.065571113,0
0.049734527,-4.082155871,1
1.4019539565931673,0.3205952849611562,1
-1.143078685,-1.211024539,0
1.4274596328802334,0.7086334356731503,1
-1.071810883,-1.08131386,0
1.340055905,0.5201192479259582,1
-1.607811517,-1.671057191,0
0.6950934668568176,-1.843257404,1
1.2156718016817223,-0.482126356,1
-0.663926786,-0.402822426,0
0.733444725,-0.241668874,1
1.1535106833761393,-1.110455404,1
1.549086781323536,-0.723004213,1
0.38094204984127633,-1.414737155,1
1.0514725971091794,-1.522417992,1
-1.257509568,-1.28968837,0
0.47312679441299155,-4.88741053,1
-0.183344976,0.2945685165946259,0
-1.752993954,-2.114129947,0
0.3963432104921256,-3.020980297,1
1.3391400800929567,-0.520012897,1
0.8015008581742606,0.037132109,1
1.0182763333035452,0.7773421907673788,1
-2.290404189,-2.452785918,0
-1.068314288,-1.302098193,0
0.39949089353156997,-1.971488536,1
0.5110353407677195,1.0103590880993893,0
1.0518669906079205,-0.059030344,1
-0.633343392,-0.474104284,0
-0.715466571,-0.699040914,0
0.055367895,-2.86027657,1
0.7558112859306377,-1.898604348,1
1.0249507662102029,-0.647179124,1
0.2599340492958184,-2.772527715,1
-0.845634366,-0.883958913,0
-1.303823514,-1.092443808,0
-2.035993998,-2.58037019,0
-1.801589811,-2.179364815,0
0.5959684803069868,-0.723495729,1
0.6079032602303306,-1.715741767,1
-1.815690719,-2.056435473,0
0.8360514807953517,0.4030999784340392,1
1.2040725079924133,-0.127133308,1
-0.435626337,-0.045692246,0
0.851172851,-0.263411723,1
1.6805389036924403,0.5096286651296469,1
1.8338802443438698,0.25171603317223123,1
-0.33025243,-0.172549427,0
0.25870332009363184,-1.735426786,1
0.20876199134198004,-2.010171598,1
0.9205726486336717,-1.144790653,1
1.752052136543759,-1.951891134,1
-2.228399834,-2.734769692,0
0.3588277034228018,0.9659228942110145,0
0.6746022371023455,-1.855812562,1
1.4911347338689434,-0.095120257,1
-0.062397315,0.3568087929515349,0
-2.0362007,-2.288988115,0
1.346187641,1.2803738541554468,1
1.1276435103657534,-1.566156505,1
0.9963350058745819,-3.375973068,1
2.2367261058093337,0.9197862897261997,1
2.350329901636404,1.7305449833833513,1
-1.955053135,-2.27827205,0
0.22948819945637422,-3.076174831,1
0.10432475268632446,0.373844446,0
-1.351180437,-1.496942249,0
-0.916656508,-1.015952341,0
-1.001481031,-1.133387479,0
-1.122646736,-1.192771799,0
-0.769822396,-0.862648512,0
-1.821872346,-2.235165988,0
0.28994831107925023,-1.610333458,1
0.32360458837320294,-2.808230044,1
-0.48437749,-0.227268613,0
1.1696322500863803,-0.757577234,1
-0.740983683,-0.715854193,0
-0.86165517,-0.614685076,0
-0.236294012,-2.38943399,1
-1.470218257,-1.451660479,0
2.2464488752334777,-0.034932168,1
-0.951064481,-1.065348214,0
-1.963013505,-2.437067012,0
0.3645254986894807,-2.159940867,1
-0.898688906,-0.94671457,0
-1.442343493,-1.826189248,0
-0.437269281,-0.159033036,0
1.517843060723857,0.0252534,1
-0.323060888,-0.021005363,0
1.9147234821988377,1.821671076658535,1
0.7189563257606854,-0.71708474,1
1.3240421995060578,-0.376908532,1
-0.883586767,-0.970536311,0
1.9182825430687254,-0.816042716,1
1.2513388174568008,-0.057002142,1
-0.134723472,0.35855428258284694,0
-1.150356029,-1.240547909,0
0.22267827007326846,-1.687954086,1
-0.505961156,-0.345075797,0
-1.744461611,-1.953536696,0
-1.474539197,-1.402883793,0
0.7735456619674521,-1.341072237,1
-1.638644567,-2.055877822,0
-0.353321033,0.056211075827699464,0
-0.843098171,-0.607909714,0
-1.044933833,-1.245955798,0
0.49120364051548626,0.6633399790183641,0
-1.998030455,-2.053055417,0
0.7684153845465007,-0.841589921,1
0.872764625,-2.840382053,1
-0.688972824,-0.551936355,0
1.8230123761275934,1.7587564510847864,1
0.6903751650788661,1.2690052456127114,0
-1.024955544,-1.066712293,0
0.5694527492587497,-1.124500187,1
0.23865865373122452,0.5745700408598626,0
0.23987125501189754,0.6580251486136348,0
-1.502467334,-1.685263991,0
0.840278989,-2.950896695,1
1.196874750494824,-1.36623211,1
1.054675548944109,-0.307468737,1
1.1310508255372242,-2.883266015,1
-1.298534725,-1.241834337,0
1.4318822561211333,1.1705155313408997,1
-1.273215171,-1.414964978,0
1.1634578393764574,-0.506205091,1
-1.07958683,-1.131361379,0
1.2598024233249654,-2.489743585,1
-1.451672049,-1.496316995,0
-1.437389802,-1.242149573,0
2.0347153505875966,1.794033986183556,1
-0.107052399,-1.644857492,1
-1.704005104,-1.579969181,0
-0.330261671,0.088938414,0
-1.321952406,-1.092034691,0
0.6231025506283097,-2.85414731,1
1.2304265023387209,-0.250049744,1
0.7673528829824053,-1.839020751,1
-1.045770688,-0.935991879,0
0.9312407007321585,-0.819903561,1
1.6272206145726384,-0.473683441,1
0.2797718471213809,-0.951678055,1
-1.120252733,-1.159458295,0
-2.068054277,-1.903220309,0
-0.919678683,-0.674413576,0
-1.061170851,-1.033789001,0
1.7378638988399548,2.1441305238157704,1
0.43743952769180594,0.9784233866570009,0
-1.496620701,-1.928376642,0
0.4289371967931347,-1.443310215,1
-0.345116838,-0.132500313,0
0.716929899,-2.19324774,1
-0.127146204,0.33067156288000477,0
-1.41213525,-1.642117953,0
1.1168990175416513,-2.276721767,1
-1.544561619,-1.713032966,0
0.9129963239729115,-0.345312714,1
1.861288101994797,1.4806098574790574,1
-0.330298174,-0.100144847,0
-1.111545992,-1.25029665,0
-1.011923716,-1.177455562,0
-1.271984356,-1.703518365,0
0.9295937767540864,-0.743330898,1
-0.338430624,-0.34331512,0
1.5427079484370423,-0.055664778,1
0.8166456612763999,-1.250918697,1
1.1378225361548666,-1.261519572,1
